사업자번호,업체명,공시번호,종목코드
1018109147,현대자동차(주),00164742,005380
1018126409,한국맥도날드유한회사,00120979,
1018163383,(주)헥토파이낸셜,00763701,234340
1018168210,(주)엑시온그룹,00426068,069920
1018171660,(주)케이티아이에스,00372873,058860
1018195610,금호타이어(주),00481454,073240
1018642059,동아출판(주),00694818,
1018655141,한국화장품(주),00823429,123690
1028100358,주식회사 한국일보사,00159050,
1028111670,(주)교보문고,00104175,
1028139440,(주)하나투어,00269940,039130
1028141121,코카콜라음료 주식회사,00250270,
1028141359,한솔로지스틱스(주),00140946,009180
1048101106,신성통상(주),00136341,005390
1048119101,팬오션(주),00122737,028670
1048126067,롯데쇼핑(주),00120526,023530
1048136565,씨제이올리브네트웍스(주),00223799,
1048145690,씨제이씨지브이(주),00303873,079160
1048176378,씨제이올리브영주식회사,00429870,
1048199352,주식회사 동연에스엔티,00614973,
1048209274,사회복지법인 씨제이나눔재단,01604177,
1048209634,재단법인 씨제이문화재단,01604186,
1048609535,CJ제일제당(주),00635134,097950
1048629322,아이비케이연금보험(주),00844635,
1048639742,농협은행 주식회사,00908757,
1048652503,(주)신세계프라퍼티,01003253,
1048653370,콘센트릭스서비스코리아 유한회사,01425376,
1048658598,주식회사 에스쁘아,01061150,
1058104692,주식회사 동승통상,00382454,
1058111908,(주)신원,00136864,009270
1058145524,(주)이랜드이노플,00523857,
1058605788,주식회사 초록마을,00306463,
1058614706,(주)에스엠케이티앤아이,00622459,
1058643574,씨제이엠디원주식회사,00426703,
1058686082,(주)쿠프마케팅,01071616,
1058711399,(주)퓨쳐누리,01634682,
1058733864,신원글로벌(주),00944139,
1058744546,주식회사 마인드웨어웤스,01344956,
1058746393,신원지엘에스주식회사,00840116,
1058751367,주식회사 앤하우스,01450239,
1068100011,(주)아모레퍼시픽홀딩스,00154462,002790
1068101704,(주)에스와이에스리테일,00130976,
1068138502,(주)에스트라,00154392,016570
1068151510,(주)씨제이이엔엠,00265324,035760
1068158037,주식회사 조이렌트카,00357810,
1068196346,(주)씨제이텔레닉스,00452319,
1068205895,아모레퍼시픽재단,01604539,
1068211311,재단법인 한국유방건강재단,01604292,
1068643373,(주)아모레퍼시픽,00583424,090430
1068668127,(주)이니스프리,00812353,
1068706394,주식회사 소크라에이아이,01556056,
1078130954,롯데역사 주식회사,00120544,
1078637025,(주)모스트엑스,01233517,
1078685702,(주)쿠콘,01311055,294570
1078713471,(주)엠비씨플레이비,00819107,
1078783297,주식회사 백패커,01377158,
1078836127,비즈플레이 주식회사,01534027,
1088167492,에이렌탈앤서비스주식회사,01367780,
1098128100,주식회사 태광뉴텍,00153409,
1108105034,씨제이대한통운(주),00113410,000120
1118803173,코웨이라이프솔루션 주식회사,01877630,
1128131178,주식회사 현대퓨처넷,00403632,126560
1138144055,(주)다날,00389970,064260
1138678735,삼성카드고객서비스 주식회사,00998608,
1148100569,주식회사신세계센트럴,00200938,
1148170065,주식회사 에치와이,00158644,
1148172608,주식회사 대화씨앤에프,00479574,
1148601582,주식회사 렉스몬드,00864921,
1148652489,한성자동차,00623810,
1148653270,(주)토니모리,00816544,214420
1148720572,주식회사 라비오뜨,01255388,
1168102919,(주)코스콤,00159661,
1168109417,한국휴렛팩커드주식회사,00126609,
1168119123,GS칼텍스(주),00165459,
1168119477,(주)엘지씨엔에스,00139834,064400
1168119948,한국정보통신(주),00159342,025770
1168130069,(주)LF네트웍스,00444134,
1168134177,유진투자증권(주),00131054,001200
1168143939,KIS정보통신주식회사,00369143,
1168154775,주식회사 씽크풀,00355380,
1168169356,주식회사 휴머스원,00264486,
1168201348,한국교직원공제회,00313995,
1178113423,(주)엘지헬로비전,00222532,037560
1178131135,스파클주식회사,00990961,
1178162550,전시몰닷컴 주식회사,01231175,
1198119350,주식회사 천재교육,00202228,
1198134685,(주)에이블씨엔씨,00400857,078520
1198170643,(주)천재교과서,00973414,
1198623145,씨제이바이오사이언스(주),01071041,311690
1198654968,두나무 주식회사,01310241,
1208101336,파르나스호텔(주),00161356,
1208111421,(주)다올저축은행,00165149,
1208115636,캐논코리아 주식회사,00120580,
1208139185,케이비라이프생명보험,00160393,
1208142467,(주)대명컨벤션,00915702,
1208147521,(주)카카오,00258801,035720
1208148160,노블레스미디어인터내셔날,00456564,
1208151097,(주) 좋은책신사고,00436898,
1208188352,(주)씨제이메조미디어,00367589,
1208197322,(주)케이에스넷,00301352,
1208603362,자이에스앤디(주),00367844,317400
1208605491,(주)동일라코스테,00365031,
1208655953,(주)GC케어,01430448,
1208666765,(주)깊은생각,01381708,
1208674979,(주)케이티엠하우스,00519313,
1208681617,스투트가르트스포츠카주식회사,00576354,
1208693433,굿리치 주식회사,00965196,
1208704918,(주)한국케이블텔레콤,00588775,
1208727866,주식회사 인포벨,01460193,
1208759505,주식회사 피엠그로우,01140624,
1208776635,불스원서비스 주식회사,01079885,
1218162544,(주)인천유나이티드,00463582,
1218170248,라이온코리아 주식회사,00518235,
1238128751,세종텔레콤(주),00268002,036630
1248125121,케이비캐피탈(주),00161408,021960
1248600538,안국건강주식회사,01369089,
1248686370,주식회사 타이드스퀘어,01017867,
1248730363,온라인팜 주식회사,00953483,
1248749810,(주)아이지넷,01728167,462980
1258101234,(주)경동나비엔,00101488,009450
1258126555,한성크린텍(주),00389998,066980
1258154503,(주)스킨푸드,00636948,
1268124808,주식회사 시몬스,00201557,
1268647204,주식회사 스타비젼,01218192,
1288131815,인선이엔티(주),00375931,060150
1288133865,주식회사 세이브존,00255804,
1288703548,(주)더캐리,01552218,
1298168203,씨제이파워캐스트주식회사,00519395,
1298202760,한국지역난방공사,00159698,071320
1298611103,에스엠하이플러스(주),00635000,
1348623047,로지스팟 주식회사,01453421,
1358105033,(주)에뛰드,00183808,
1358111122,(주)아모스프로페셔널,00144456,
1388103238,(주)오뚜기,00141529,007310
1388104654,주식회사 서울랜드,00160889,
1388703429,주식회사 야놀자플랫폼,01889778,
1398111288,(주)코스모코스,00257477,
1398137459,(주)세라젬,00372916,
1398137667,한일네트웍스(주),00277736,046110
1538102451,주식회사 에프앤에프,01568413,383220
1538703490,힐러비 주식회사,01847082,
1558601981,주식회사 야놀자클라우드고글로벌코리아,01719266,
1598102139,하나금융파인드 주식회사,02003010,
1648600026,주식회사에스에이치투자방송,01307283,
1888801893,주식회사 티빙,01514351,
2018120549,(주)신세계아이앤씨,00219486,035510
2018154791,(주)엠케이에프엔씨,00238834,
2018155688,(주)GC메디아이,00220057,032620
2018176174,(주)에이비씨마트코리아,00496340,
2018177964,(주)러쉬코리아,00890281,
2018638914,에이치케이이노엔 주식회사,01012066,195940
2028138251,동양생명보험(주),00117267,082640
2028145602,삼성카드(주),00126292,029780
2028154585,주식회사 하나투어비즈니스,01885596,
2048103990,주식회사재능교육,00185152,
2048129379,(주)재능이아카데미,00574310,
2048141179,패션그룹형지(주),00531591,
2068118164,주식회사 써머스플랫폼,00553539,
2068171795,(주)세일코리아넷,01467372,
2088106344,(주)웅진,00143651,016880
2088113302,(주)에스원,00158501,012750
2098123948,고운세상코스메틱,01104932,
2108141081,(주)세이브존아이앤씨,00422895,067830
2118119597,케이지트레이딩주식회사,00130295,
2118119938,(주) DB Inc.,00163345,012030
2118179649,(주)케이티알파,00260958,036030
2118622189,(주)클리오,00957735,237880
2118631577,아이에스동서(주),00115977,010780
2118668230,주식회사 브랜드웍스코리아,01247556,
2118690483,(주)디지털다임,01472958,
2118707735,(주)비상교육,00520887,100220
2118719532,주식회사 유로세라믹,00677547,
2118855608,주식회사 옐로오투오그룹,01083028,
2118870822,갤럭시아코퍼레이션(주),00929705,
2118879575,주식회사 무신사,01137727,
2118895935,엠즈씨드주식회사,00989600,
2128105946,주식회사 세스코,00449652,
2138140742,(주)코밴,00230939,
2138152063,주식회사 아성다이소,00411835,
2138632489,삼정데이타서비스(주),00261814,
2148108779,(주)경농,00101433,002100
2148116323,(주)세이브존리베라,00186151,
2148188356,(주)골든듀,00188894,
2148196569,(주)한솥,00876740,
2148199488,씨제이건설 (주),00222550,
2148638356,휴넷,00271343,
2148639239,(주)가비아,00506294,079940
2148648586,AJ네트웍스 주식회사,00365387,095570
2148649402,(주)에프앤코,00959016,
2148662782,(주)인스밸리,00331043,
2148668729,(주)동원F&B,00340917,049770
2148808555,주식회사 엔비스,01381595,
2148825078,주식회사 엘유티,00816809,
2148837633,메가넥스트 주식회사,00924490,
2168118986,주식회사 세라젬 씨앤에스,01650583,
2188100328,(주)신도리코,00135795,029530
2188121342,쌤소나이트코리아 주식회사,00361071,
2208101830,(주)아가방앤컴퍼니,00138446,013990
2208102504,(주)케이엘넷,00246620,039420
2208103371,청오디피케이(주),00367738,
2208115601,한국렌탈(주),00157292,
2208131765,(주)에넥스,00139764,011090
2208145177,(주)지엔코,00258102,065060
2208155597,(주)케이지이니시스,00264547,035600
2208162517,네이버(주),00266961,035420
2208176893,에스케이엠앤서비스(주),00520805,
2208182546,(주)케이지파이낸셜,00405278,046440
2208607635,(주)불스원,00417680,
2208715073,(주)파스텔세상,00566065,
2208742885,(주)야놀자,00907864,
2208760976,주식회사 트라이본즈,00816429,
2208769701,주식회사 아성솔루션,01215283,
2208777410,(주)네이처리퍼블릭,00815086,
2208783590,(주)아성에이치엠피,00820398,
2208787053,(주)아성,00924685,
2208790830,(주)비즈니스인사이트,01457977,
2208791595,(주)그린카,00992242,
2208809321,주식회사 소노스테이션,00974875,
2208819571,디엔에이 서울 주식회사,00969420,
2208838020,콘텐츠웨이브 주식회사,00944926,
2208883511,(주)지냄,01804731,
2238108341,(주)소노인터내셔널,00550833,
2298137000,예스이십사(주),00362858,053280
2458800111,주식회사 와이시너지,01287712,
2568802180,주식회사세스코라이프케어,01725708,
2588700070,주식회사 렌딧,01170555,
2618107437,주식회사 코인원,01263378,
2618123567,주식회사 컬리,01153956,
2648114669,(주)블루스톤익스체인지,01300688,
2648117458,차란차 주식회사,01719594,
2648128329,골든듀에이엠씨,01332234,
2848801847,(주)알엑스씨(RXC),01713369,
3058138977,(주)네오팜,00551920,092730
3128142519,CJ푸드빌주식회사,00357120,
3138133895,주식회사 싸이월드제트,01740594,
3148103453,(주)케이티지니뮤직,00223762,043610
3148126169,(주)옵트론텍,00327396,082210
3148142683,(주)케이티씨에스,00372882,058850
3178601314,씨제이피드앤케어 주식회사,01395190,
3648600795,주식회사 메먼트,01646614,
3728600724,아레나코리아 주식회사,01372807,
3748702744,이탈리아오토모빌리 주식회사,01919893,
3788601279,주식회사 레드이엔지,01835315,
3908701499,주식회사 오설록,01408032,
4028150705,(주) 아이엠아이,00578884,
4048601054,투썸플레이스 주식회사,01275948,
4048602621,주식회사 쇼골프,01817948,
4088100315,주식회사 스마트저축은행,00151030,
4188108269,(주)내쇼날모터스,00489030,
4458702221,씨제이웰케어 주식회사,01662153,
4518102355,주식회사 다다엠앤씨,01528044,
4758102157,힐러비 주식회사,01583935,
5038108214,한국OSG(주),00156381,
5048608283,엔젤게임즈,01538519,
5278601793,에스아이앤엘주식회사,01473090,
5288800132,(주)소노파트너스,01846135,
5288800622,에이치디건설기계(주),01205842,267270
5698701168,(주)대명티피앤이,01344716,
6038111270,씨제이프레시웨이(주),00127954,051500
6038802071,오뚜기물류서비스(주),01523863,
6048115788,(주)소노스퀘어,00104810,007720
6068700134,주식회사 디케이테크인,01139947,
6078126552,(주)르까프,00166209,
6098123911,(주)포스텍,00299932,
6098142811,도이치모터스(주),00449379,067990
6108156858,(주)웅진프리드라이프,00618508,
6138165278,주식회사 크몽,01369548,
6178148252,주식회사 미디어윌네트웍스,00966618,
6198702671,씨제이이엔엠스튜디오스 주식회사,01674750,
6718801814,주식회사 서북,01737323,
7168100915,(주)핑거스토리,01584934,417180
7328602017,대한항공씨앤디서비스 주식회사,01552810,
7458100271,주식회사 원더풀플랫폼,01604520,
7478100388,스튜디오드래곤(주),01168684,253450
7648101136,(주)다비치안경체인,01336726,
7808700034,메가스터디교육(주),01074862,215200
7878700729,케이카 주식회사,01323032,381970
8098101574,씨제이올리브영 주식회사,01423068,
8108600658,(주)데이원컴퍼니,01455492,373160
8158800093,주식회사 발란,01551565,
8248102515,주식회사 놀유니버스,01669323,
8368602172,(주)바비톡,01614226,
8448600705,주식회사 트리즈커머스,01751873,
8618101247,(주)티오더,01746561,
8618101475,주식회사 페이히어,01818752,
8648700609,주식회사 엔아이티소프트,01916036,
8918800985,주식회사 카카오커머스,01351062,
