사업자번호,비고
1018678955,마스터·dart_company_registry 에서 파싱 가능한 행 없음 (API 호출 전 0단계 기준)
1028139251,마스터·dart_company_registry 에서 파싱 가능한 행 없음 (API 호출 전 0단계 기준)
1028205476,마스터·dart_company_registry 에서 파싱 가능한 행 없음 (API 호출 전 0단계 기준)
1048125980,마스터·dart_company_registry 에서 파싱 가능한 행 없음 (API 호출 전 0단계 기준)
1048203606,마스터·dart_company_registry 에서 파싱 가능한 행 없음 (API 호출 전 0단계 기준)
1048208353,마스터·dart_company_registry 에서 파싱 가능한 행 없음 (API 호출 전 0단계 기준)
1048526046,마스터·dart_company_registry 에서 파싱 가능한 행 없음 (API 호출 전 0단계 기준)
1048638840,마스터·dart_company_registry 에서 파싱 가능한 행 없음 (API 호출 전 0단계 기준)
1058816294,마스터·dart_company_registry 에서 파싱 가능한 행 없음 (API 호출 전 0단계 기준)
1068618229,마스터·dart_company_registry 에서 파싱 가능한 행 없음 (API 호출 전 0단계 기준)
1068666487,마스터·dart_company_registry 에서 파싱 가능한 행 없음 (API 호출 전 0단계 기준)
1078182864,마스터·dart_company_registry 에서 파싱 가능한 행 없음 (API 호출 전 0단계 기준)
1078213758,마스터·dart_company_registry 에서 파싱 가능한 행 없음 (API 호출 전 0단계 기준)
1078729110,마스터·dart_company_registry 에서 파싱 가능한 행 없음 (API 호출 전 0단계 기준)
1098205569,마스터·dart_company_registry 에서 파싱 가능한 행 없음 (API 호출 전 0단계 기준)
1098537096,마스터·dart_company_registry 에서 파싱 가능한 행 없음 (API 호출 전 0단계 기준)
1128511151,마스터·dart_company_registry 에서 파싱 가능한 행 없음 (API 호출 전 0단계 기준)
1138523849,마스터·dart_company_registry 에서 파싱 가능한 행 없음 (API 호출 전 0단계 기준)
1138535627,마스터·dart_company_registry 에서 파싱 가능한 행 없음 (API 호출 전 0단계 기준)
1138674869,마스터·dart_company_registry 에서 파싱 가능한 행 없음 (API 호출 전 0단계 기준)
1148183347,마스터·dart_company_registry 에서 파싱 가능한 행 없음 (API 호출 전 0단계 기준)
1148641435,마스터·dart_company_registry 에서 파싱 가능한 행 없음 (API 호출 전 0단계 기준)
1198522853,마스터·dart_company_registry 에서 파싱 가능한 행 없음 (API 호출 전 0단계 기준)
1198605259,마스터·dart_company_registry 에서 파싱 가능한 행 없음 (API 호출 전 0단계 기준)
1198620022,마스터·dart_company_registry 에서 파싱 가능한 행 없음 (API 호출 전 0단계 기준)
1198649465,마스터·dart_company_registry 에서 파싱 가능한 행 없음 (API 호출 전 0단계 기준)
1208515973,마스터·dart_company_registry 에서 파싱 가능한 행 없음 (API 호출 전 0단계 기준)
1208550081,마스터·dart_company_registry 에서 파싱 가능한 행 없음 (API 호출 전 0단계 기준)
1208628403,마스터·dart_company_registry 에서 파싱 가능한 행 없음 (API 호출 전 0단계 기준)
1208680151,마스터·dart_company_registry 에서 파싱 가능한 행 없음 (API 호출 전 0단계 기준)
1208780686,마스터·dart_company_registry 에서 파싱 가능한 행 없음 (API 호출 전 0단계 기준)
1218528170,마스터·dart_company_registry 에서 파싱 가능한 행 없음 (API 호출 전 0단계 기준)
1218528210,마스터·dart_company_registry 에서 파싱 가능한 행 없음 (API 호출 전 0단계 기준)
1238166212,마스터·dart_company_registry 에서 파싱 가능한 행 없음 (API 호출 전 0단계 기준)
1248582187,마스터·dart_company_registry 에서 파싱 가능한 행 없음 (API 호출 전 0단계 기준)
1268556327,마스터·dart_company_registry 에서 파싱 가능한 행 없음 (API 호출 전 0단계 기준)
1278208808,마스터·dart_company_registry 에서 파싱 가능한 행 없음 (API 호출 전 0단계 기준)
1288517669,마스터·dart_company_registry 에서 파싱 가능한 행 없음 (API 호출 전 0단계 기준)
1288561729,마스터·dart_company_registry 에서 파싱 가능한 행 없음 (API 호출 전 0단계 기준)
1288565856,마스터·dart_company_registry 에서 파싱 가능한 행 없음 (API 호출 전 0단계 기준)
1298503192,마스터·dart_company_registry 에서 파싱 가능한 행 없음 (API 호출 전 0단계 기준)
1298518109,마스터·dart_company_registry 에서 파싱 가능한 행 없음 (API 호출 전 0단계 기준)
1308561815,마스터·dart_company_registry 에서 파싱 가능한 행 없음 (API 호출 전 0단계 기준)
1328146054,마스터·dart_company_registry 에서 파싱 가능한 행 없음 (API 호출 전 0단계 기준)
1328517561,마스터·dart_company_registry 에서 파싱 가능한 행 없음 (API 호출 전 0단계 기준)
1328530943,마스터·dart_company_registry 에서 파싱 가능한 행 없음 (API 호출 전 0단계 기준)
1328536554,마스터·dart_company_registry 에서 파싱 가능한 행 없음 (API 호출 전 0단계 기준)
1348551022,마스터·dart_company_registry 에서 파싱 가능한 행 없음 (API 호출 전 0단계 기준)
1388524115,마스터·dart_company_registry 에서 파싱 가능한 행 없음 (API 호출 전 0단계 기준)
1408523079,마스터·dart_company_registry 에서 파싱 가능한 행 없음 (API 호출 전 0단계 기준)
1418144972,마스터·dart_company_registry 에서 파싱 가능한 행 없음 (API 호출 전 0단계 기준)
1418512110,마스터·dart_company_registry 에서 파싱 가능한 행 없음 (API 호출 전 0단계 기준)
1428150856,마스터·dart_company_registry 에서 파싱 가능한 행 없음 (API 호출 전 0단계 기준)
1458600398,마스터·dart_company_registry 에서 파싱 가능한 행 없음 (API 호출 전 0단계 기준)
1558802761,마스터·dart_company_registry 에서 파싱 가능한 행 없음 (API 호출 전 0단계 기준)
1649700696,마스터·dart_company_registry 에서 파싱 가능한 행 없음 (API 호출 전 0단계 기준)
1748701510,마스터·dart_company_registry 에서 파싱 가능한 행 없음 (API 호출 전 0단계 기준)
1808601691,마스터·dart_company_registry 에서 파싱 가능한 행 없음 (API 호출 전 0단계 기준)
1898500784,마스터·dart_company_registry 에서 파싱 가능한 행 없음 (API 호출 전 0단계 기준)
2058202424,마스터·dart_company_registry 에서 파싱 가능한 행 없음 (API 호출 전 0단계 기준)
2058510283,마스터·dart_company_registry 에서 파싱 가능한 행 없음 (API 호출 전 0단계 기준)
2058600778,마스터·dart_company_registry 에서 파싱 가능한 행 없음 (API 호출 전 0단계 기준)
2068125011,마스터·dart_company_registry 에서 파싱 가능한 행 없음 (API 호출 전 0단계 기준)
2068525872,마스터·dart_company_registry 에서 파싱 가능한 행 없음 (API 호출 전 0단계 기준)
2108520600,마스터·dart_company_registry 에서 파싱 가능한 행 없음 (API 호출 전 0단계 기준)
2118871379,마스터·dart_company_registry 에서 파싱 가능한 행 없음 (API 호출 전 0단계 기준)
2118888337,마스터·dart_company_registry 에서 파싱 가능한 행 없음 (API 호출 전 0단계 기준)
2128207728,마스터·dart_company_registry 에서 파싱 가능한 행 없음 (API 호출 전 0단계 기준)
2128612307,마스터·dart_company_registry 에서 파싱 가능한 행 없음 (API 호출 전 0단계 기준)
2148205589,마스터·dart_company_registry 에서 파싱 가능한 행 없음 (API 호출 전 0단계 기준)
2148808220,마스터·dart_company_registry 에서 파싱 가능한 행 없음 (API 호출 전 0단계 기준)
2158640781,마스터·dart_company_registry 에서 파싱 가능한 행 없음 (API 호출 전 0단계 기준)
2178520799,마스터·dart_company_registry 에서 파싱 가능한 행 없음 (API 호출 전 0단계 기준)
2198500066,마스터·dart_company_registry 에서 파싱 가능한 행 없음 (API 호출 전 0단계 기준)
2208103987,마스터·dart_company_registry 에서 파싱 가능한 행 없음 (API 호출 전 0단계 기준)
2208159249,마스터·dart_company_registry 에서 파싱 가능한 행 없음 (API 호출 전 0단계 기준)
2208193927,마스터·dart_company_registry 에서 파싱 가능한 행 없음 (API 호출 전 0단계 기준)
2208520719,마스터·dart_company_registry 에서 파싱 가능한 행 없음 (API 호출 전 0단계 기준)
2208528953,마스터·dart_company_registry 에서 파싱 가능한 행 없음 (API 호출 전 0단계 기준)
2208540961,마스터·dart_company_registry 에서 파싱 가능한 행 없음 (API 호출 전 0단계 기준)
2208611615,마스터·dart_company_registry 에서 파싱 가능한 행 없음 (API 호출 전 0단계 기준)
2208645056,마스터·dart_company_registry 에서 파싱 가능한 행 없음 (API 호출 전 0단계 기준)
2208788765,마스터·dart_company_registry 에서 파싱 가능한 행 없음 (API 호출 전 0단계 기준)
2208788839,마스터·dart_company_registry 에서 파싱 가능한 행 없음 (API 호출 전 0단계 기준)
2208818228,마스터·dart_company_registry 에서 파싱 가능한 행 없음 (API 호출 전 0단계 기준)
2208819101,마스터·dart_company_registry 에서 파싱 가능한 행 없음 (API 호출 전 0단계 기준)
2208839543,마스터·dart_company_registry 에서 파싱 가능한 행 없음 (API 호출 전 0단계 기준)
2278507925,마스터·dart_company_registry 에서 파싱 가능한 행 없음 (API 호출 전 0단계 기준)
2278508676,마스터·dart_company_registry 에서 파싱 가능한 행 없음 (API 호출 전 0단계 기준)
2428800596,마스터·dart_company_registry 에서 파싱 가능한 행 없음 (API 호출 전 0단계 기준)
2458200220,마스터·dart_company_registry 에서 파싱 가능한 행 없음 (API 호출 전 0단계 기준)
2458600698,마스터·dart_company_registry 에서 파싱 가능한 행 없음 (API 호출 전 0단계 기준)
2518600150,마스터·dart_company_registry 에서 파싱 가능한 행 없음 (API 호출 전 0단계 기준)
2628100209,마스터·dart_company_registry 에서 파싱 가능한 행 없음 (API 호출 전 0단계 기준)
2728600540,마스터·dart_company_registry 에서 파싱 가능한 행 없음 (API 호출 전 0단계 기준)
2778700464,마스터·dart_company_registry 에서 파싱 가능한 행 없음 (API 호출 전 0단계 기준)
3018540974,마스터·dart_company_registry 에서 파싱 가능한 행 없음 (API 호출 전 0단계 기준)
3048506693,마스터·dart_company_registry 에서 파싱 가능한 행 없음 (API 호출 전 0단계 기준)
3088512498,마스터·dart_company_registry 에서 파싱 가능한 행 없음 (API 호출 전 0단계 기준)
3088601095,마스터·dart_company_registry 에서 파싱 가능한 행 없음 (API 호출 전 0단계 기준)
3108521350,마스터·dart_company_registry 에서 파싱 가능한 행 없음 (API 호출 전 0단계 기준)
3118516563,마스터·dart_company_registry 에서 파싱 가능한 행 없음 (API 호출 전 0단계 기준)
3148511908,마스터·dart_company_registry 에서 파싱 가능한 행 없음 (API 호출 전 0단계 기준)
3358101923,마스터·dart_company_registry 에서 파싱 가능한 행 없음 (API 호출 전 0단계 기준)
3508501712,마스터·dart_company_registry 에서 파싱 가능한 행 없음 (API 호출 전 0단계 기준)
3598802683,마스터·dart_company_registry 에서 파싱 가능한 행 없음 (API 호출 전 0단계 기준)
3618501032,마스터·dart_company_registry 에서 파싱 가능한 행 없음 (API 호출 전 0단계 기준)
3678800819,마스터·dart_company_registry 에서 파싱 가능한 행 없음 (API 호출 전 0단계 기준)
3788500540,마스터·dart_company_registry 에서 파싱 가능한 행 없음 (API 호출 전 0단계 기준)
3838501861,마스터·dart_company_registry 에서 파싱 가능한 행 없음 (API 호출 전 0단계 기준)
3908501248,마스터·dart_company_registry 에서 파싱 가능한 행 없음 (API 호출 전 0단계 기준)
3948801955,마스터·dart_company_registry 에서 파싱 가능한 행 없음 (API 호출 전 0단계 기준)
3988100624,마스터·dart_company_registry 에서 파싱 가능한 행 없음 (API 호출 전 0단계 기준)
4028519717,마스터·dart_company_registry 에서 파싱 가능한 행 없음 (API 호출 전 0단계 기준)
4048506163,마스터·dart_company_registry 에서 파싱 가능한 행 없음 (API 호출 전 0단계 기준)
4088510368,마스터·dart_company_registry 에서 파싱 가능한 행 없음 (API 호출 전 0단계 기준)
4108532249,마스터·dart_company_registry 에서 파싱 가능한 행 없음 (API 호출 전 0단계 기준)
4108534500,마스터·dart_company_registry 에서 파싱 가능한 행 없음 (API 호출 전 0단계 기준)
4148501904,마스터·dart_company_registry 에서 파싱 가능한 행 없음 (API 호출 전 0단계 기준)
4178513146,마스터·dart_company_registry 에서 파싱 가능한 행 없음 (API 호출 전 0단계 기준)
4348502950,마스터·dart_company_registry 에서 파싱 가능한 행 없음 (API 호출 전 0단계 기준)
4438602325,마스터·dart_company_registry 에서 파싱 가능한 행 없음 (API 호출 전 0단계 기준)
4548101883,마스터·dart_company_registry 에서 파싱 가능한 행 없음 (API 호출 전 0단계 기준)
4568100099,마스터·dart_company_registry 에서 파싱 가능한 행 없음 (API 호출 전 0단계 기준)
4638600976,마스터·dart_company_registry 에서 파싱 가능한 행 없음 (API 호출 전 0단계 기준)
4798500106,마스터·dart_company_registry 에서 파싱 가능한 행 없음 (API 호출 전 0단계 기준)
4898500952,마스터·dart_company_registry 에서 파싱 가능한 행 없음 (API 호출 전 0단계 기준)
5028194212,마스터·dart_company_registry 에서 파싱 가능한 행 없음 (API 호출 전 0단계 기준)
5028532140,마스터·dart_company_registry 에서 파싱 가능한 행 없음 (API 호출 전 0단계 기준)
5028533625,마스터·dart_company_registry 에서 파싱 가능한 행 없음 (API 호출 전 0단계 기준)
5028543948,마스터·dart_company_registry 에서 파싱 가능한 행 없음 (API 호출 전 0단계 기준)
5028800197,마스터·dart_company_registry 에서 파싱 가능한 행 없음 (API 호출 전 0단계 기준)
5048518111,마스터·dart_company_registry 에서 파싱 가능한 행 없음 (API 호출 전 0단계 기준)
5058513365,마스터·dart_company_registry 에서 파싱 가능한 행 없음 (API 호출 전 0단계 기준)
5068511472,마스터·dart_company_registry 에서 파싱 가능한 행 없음 (API 호출 전 0단계 기준)
5148514387,마스터·dart_company_registry 에서 파싱 가능한 행 없음 (API 호출 전 0단계 기준)
5198501801,마스터·dart_company_registry 에서 파싱 가능한 행 없음 (API 호출 전 0단계 기준)
5238801043,마스터·dart_company_registry 에서 파싱 가능한 행 없음 (API 호출 전 0단계 기준)
5298601182,마스터·dart_company_registry 에서 파싱 가능한 행 없음 (API 호출 전 0단계 기준)
5318602073,마스터·dart_company_registry 에서 파싱 가능한 행 없음 (API 호출 전 0단계 기준)
5518100278,마스터·dart_company_registry 에서 파싱 가능한 행 없음 (API 호출 전 0단계 기준)
5568101739,마스터·dart_company_registry 에서 파싱 가능한 행 없음 (API 호출 전 0단계 기준)
5788102136,마스터·dart_company_registry 에서 파싱 가능한 행 없음 (API 호출 전 0단계 기준)
5788501116,마스터·dart_company_registry 에서 파싱 가능한 행 없음 (API 호출 전 0단계 기준)
5788702012,마스터·dart_company_registry 에서 파싱 가능한 행 없음 (API 호출 전 0단계 기준)
5858100058,마스터·dart_company_registry 에서 파싱 가능한 행 없음 (API 호출 전 0단계 기준)
5878701735,마스터·dart_company_registry 에서 파싱 가능한 행 없음 (API 호출 전 0단계 기준)
5908800990,마스터·dart_company_registry 에서 파싱 가능한 행 없음 (API 호출 전 0단계 기준)
5978200266,마스터·dart_company_registry 에서 파싱 가능한 행 없음 (API 호출 전 0단계 기준)
5978501024,마스터·dart_company_registry 에서 파싱 가능한 행 없음 (API 호출 전 0단계 기준)
6028516703,마스터·dart_company_registry 에서 파싱 가능한 행 없음 (API 호출 전 0단계 기준)
6058509915,마스터·dart_company_registry 에서 파싱 가능한 행 없음 (API 호출 전 0단계 기준)
6078519670,마스터·dart_company_registry 에서 파싱 가능한 행 없음 (API 호출 전 0단계 기준)
6098517907,마스터·dart_company_registry 에서 파싱 가능한 행 없음 (API 호출 전 0단계 기준)
6108511766,마스터·dart_company_registry 에서 파싱 가능한 행 없음 (API 호출 전 0단계 기준)
6128514847,마스터·dart_company_registry 에서 파싱 가능한 행 없음 (API 호출 전 0단계 기준)
6158518629,마스터·dart_company_registry 에서 파싱 가능한 행 없음 (API 호출 전 0단계 기준)
6168520910,마스터·dart_company_registry 에서 파싱 가능한 행 없음 (API 호출 전 0단계 기준)
6178524957,마스터·dart_company_registry 에서 파싱 가능한 행 없음 (API 호출 전 0단계 기준)
6218537733,마스터·dart_company_registry 에서 파싱 가능한 행 없음 (API 호출 전 0단계 기준)
6488600674,마스터·dart_company_registry 에서 파싱 가능한 행 없음 (API 호출 전 0단계 기준)
6518501293,마스터·dart_company_registry 에서 파싱 가능한 행 없음 (API 호출 전 0단계 기준)
6738501497,마스터·dart_company_registry 에서 파싱 가능한 행 없음 (API 호출 전 0단계 기준)
6868702399,마스터·dart_company_registry 에서 파싱 가능한 행 없음 (API 호출 전 0단계 기준)
6998500317,마스터·dart_company_registry 에서 파싱 가능한 행 없음 (API 호출 전 0단계 기준)
7018801906,마스터·dart_company_registry 에서 파싱 가능한 행 없음 (API 호출 전 0단계 기준)
7028500189,마스터·dart_company_registry 에서 파싱 가능한 행 없음 (API 호출 전 0단계 기준)
7078101512,마스터·dart_company_registry 에서 파싱 가능한 행 없음 (API 호출 전 0단계 기준)
7098102953,마스터·dart_company_registry 에서 파싱 가능한 행 없음 (API 호출 전 0단계 기준)
7148501880,마스터·dart_company_registry 에서 파싱 가능한 행 없음 (API 호출 전 0단계 기준)
7158501388,마스터·dart_company_registry 에서 파싱 가능한 행 없음 (API 호출 전 0단계 기준)
7318501172,마스터·dart_company_registry 에서 파싱 가능한 행 없음 (API 호출 전 0단계 기준)
7318701176,마스터·dart_company_registry 에서 파싱 가능한 행 없음 (API 호출 전 0단계 기준)
7528600032,마스터·dart_company_registry 에서 파싱 가능한 행 없음 (API 호출 전 0단계 기준)
7578101064,마스터·dart_company_registry 에서 파싱 가능한 행 없음 (API 호출 전 0단계 기준)
7718501689,마스터·dart_company_registry 에서 파싱 가능한 행 없음 (API 호출 전 0단계 기준)
7758501769,마스터·dart_company_registry 에서 파싱 가능한 행 없음 (API 호출 전 0단계 기준)
7888500316,마스터·dart_company_registry 에서 파싱 가능한 행 없음 (API 호출 전 0단계 기준)
7938501578,마스터·dart_company_registry 에서 파싱 가능한 행 없음 (API 호출 전 0단계 기준)
7968802183,마스터·dart_company_registry 에서 파싱 가능한 행 없음 (API 호출 전 0단계 기준)
8078802144,마스터·dart_company_registry 에서 파싱 가능한 행 없음 (API 호출 전 0단계 기준)
8238600673,마스터·dart_company_registry 에서 파싱 가능한 행 없음 (API 호출 전 0단계 기준)
8438601190,마스터·dart_company_registry 에서 파싱 가능한 행 없음 (API 호출 전 0단계 기준)
8448100772,마스터·dart_company_registry 에서 파싱 가능한 행 없음 (API 호출 전 0단계 기준)
8718102597,마스터·dart_company_registry 에서 파싱 가능한 행 없음 (API 호출 전 0단계 기준)
8788100208,마스터·dart_company_registry 에서 파싱 가능한 행 없음 (API 호출 전 0단계 기준)
8878500587,마스터·dart_company_registry 에서 파싱 가능한 행 없음 (API 호출 전 0단계 기준)
8878602224,마스터·dart_company_registry 에서 파싱 가능한 행 없음 (API 호출 전 0단계 기준)
8898800532,마스터·dart_company_registry 에서 파싱 가능한 행 없음 (API 호출 전 0단계 기준)
